Sportart 	olympisch 	Typ 	Teamgröße 	Ort der Ausübung 	Herkunft/Verbreitung
Aerobic, Sportaerobic 	nein 	Turnsport, Tanzsport 		Hartbelag 	Vereinigte Staaten
Agility 	nein 	Tiersport 			
Aikido 	nein 	Kampfsport 		Matte 	Japan
Air Hockey 	nein 	Torspiel 	1 	Tisch 	
Airsoft 	nein 	Fangspiel 	2 und mehr 	Gelände 	Japan
Akontion 	antik 	Werfen 	1 		Antike
Akrobatik, Sportakrobatik 	nein 	Turnsport, Akrobatik 	1 und mehr 	Halle, Rasen 	
Allgemeines Turnen 	nein 	Turnsport 			
Alpinklettern 	nein 	Klettern, Natursport 		Gelände 	
Amateurfunkpeilen 	nein 	Natursport 	1 	Gelände 	Schweiz
American Football 	nein 	Torspiel 	11 	Rasen/Kunstrasen 	Vereinigte Staaten
American Handball 	nein 	Rückschlagspiel 	1-2 	Hartbelag 	Irland, Schottland
Angelsport 	nein 	Jagdsport 	1 	Wasser 	
Apnoetauchen 	nein 	Tauchsport 		Wasser 	
Aquaball 	nein 	Torspiel 	4 	Wasser 	Deutschland
Aquathlon 	nein 	Mehrkampfsport 	1 	Straße, Wasser 	
Arena Football 	nein 	Torspiel 	8 	Hartbelag 	Vereinigte Staaten
Armdrücken 	nein 	Kraftsport, Kampfsport 	1 	Tisch 	
Ausdruckstanz (Modern Dance) 	nein 	Tanzsport 			
Australian Football 	nein 	Torspiel 	18 	Rasen 	Victoria
Autoball 	nein 	Motorsport, Torspiel 		Halle, Hartbelag 	Deutschland
Automobilsport 	nein 	Motorsport 		Rennstrecke 	
Axtwerfen 	nein 	Werfen 	1 		Schweden
Backgammon 	nein 	Denksport 	2 		
Badminton 	ja (seit 1992) 	Rückschlagspiel 	1-2 	Hartbelag 	
Bahnengolf 	nein 	Präzisionssport 	1 	Anlage 	
Bahnradsport 	ja (seit 1896*) 	Radsport 	1 	Rennbahn 	
Ballbadminton 	nein 	Rückschlagspiel 	3-5 	Hartbelag 	Indien
Ballonfahren 	nein 	Fliegen 		Luftsport 	
Ballonspiel 	nein 	Rückschlagspiel 	3 	Rasen 	Europa
Bandy 	nein 	Torspiel 	11 	Eis 	Skandinavien
Bankdrücken 	nein 	Kraftsport 	1 		
Barlauf 	nein 	Fangspiel 		Rasen 	
Base-Jumping 	nein 	Springen 	1 	Luftsport 	
Baseball 	ehemalig (von 1992 bis 2008) 	Schlagballspiel 	9 	Rasen/Kunstrasen und Tenne 	New York
Basketball 	ja (seit 1936) 	Torspiel 	5 	Hartbelag 	Massachusetts
Baumstammwerfen 	nein 	Kraftsport 	1 		Schottland
Beachbasketball 	nein 	Torspiel 	3 	Beach/Sand 	Vereinigte Staaten
Beachhandball 	nein 	Torspiel 	4 	Beach/Sand 	
Beachminton 	nein 	Rückschlagspiel 	1 	Beach/Sand 	Schweiz
Beachrugby 	nein 	Torspiel 	5-7 	Beach/Sand 	Europa
Beachsoccer 	nein 	Torspiel 	5 	Beach/Sand 	Brasilien
Beachvolleyball 	ja (seit 1996) 	Rückschlagspiel 	2 	Beach/Sand 	Kalifornien
Berglauf 	nein 	Geschwindigkeitssport, Natursport 	1 	Gelände 	
Bergrennen 	nein 	Motorsport 		Rennstrecke 	
Bergsteigen 	nein 	Natursport 		Gelände 	
Biathle 	nein 	Mehrkampfsport 	1 	Straße, Wasser 	
Biathlon 	ja (seit 1924*) 	Geschwindigkeitssport, Schießsport 	1 	Schnee 	Skandinavien
Bikebiathlon 	nein 	Mehrkampfsport 	1-2 	Gelände 	
Billard 	nein 	Präzisionssport 	1 und mehr 	Tisch 	
Blindenfußball 	nein 	Torspiel 	6 	Rasen, Halle 	
Blindschach 	nein 	Denksport 	2 		
Blitzschach 	nein 	Denksport 	2 		
BMX 	ja (seit 2008) 	Radsport 	1 	Rennbahn 	Vereinigte Staaten
Bob 	ja (seit 1924*) 	Schlittensport 	2-4 	Eis 	Schweiz
Boccia 	nein 	Präzisionssport, Kugelsport 	1-3 	Boulodrome 	
Bodybuilding 	nein 	Kraftsport 	1 		Vereinigte Staaten
Bogenlaufen 	nein 	Geschwindigkeitssport, Präzisionssport 	1-3 	Schießstand, Sportplatz 	Europa
Bogenschießen 	ja (seit 1900*) 	Präzisionssport, Schießsport 	1/3 	Anlage/Turnhalle 	
Boogie-Woogie (Tanz) 	nein 	Tanzsport 	2 		Vereinigte Staaten
Bootschen 	nein 	Präzisionssport 	1 und mehr 		
Bosseln (Reha-Sport) 	nein 	Präzisionssport 	3 		
Boßeln 	nein 	Kugelsport 	1 und mehr 	Straße 	Niedersachsen, Schleswig-Holstein
Bouldern 	nein 	Klettern 		Gelände, Halle 	
Boule Lyonnaise 	nein 	Präzisionssport, Kugelsport 	1-4 	Boulodrome 	
Bowling 	nein 	Präzisionssport, Kegelsport 	1 	Anlage 	Vereinigte Staaten
Bowls 	nein 	Präzisionssport, Kugelsport 	1-4 	Boulodrome 	
Boxen 	ja (seit 1904*) 	Kampfsport 	1 	Ring 	England
Brazilian Jiu-Jitsu 	nein 	Kampfsport 	1 	Matte 	Brasilien
Breakdance 	nein 	Tanzsport, Akrobatik 	1 und mehr 		Vereinigte Staaten
Brennball 	nein 	Schlagballspiel 	3 und mehr 	Hartbelag 	Deutschland
Bridge 	nein 	Denksport 	4 		
Brieftaubensport 	nein 	Tiersport 		Luft 	
Broomball 	nein 	Torspiel 	6 	Eis 	Kanada
Brus 	nein 	Denksport 	1 	Tisch 	Skandinavien
Bügelspiel 	nein 	Präzisionssport 	1 		Niederlande, Niedersachsen
Buggykiting 	nein 	Drachensport 	1 	Beach, Wiese 	
Buildering 	nein 	Klettern 	1 	Stadt 	
Bumerangwerfen 	nein 	Jagdsport, Geschicklichkeitssport 	1 und mehr 	Gelände, Halle 	Australien
Bungee-Jumping 	nein 	Springen, Seilsport 		Luft 	
Buzkashi 	nein 	Tiersport (Pferdesport) 	1 	Gelände 	Zentralasien
Cageball 	nein 	Torspiel 	4 	Hartbelag 	
Callanetics 	nein 	Turnsport 			
Camogie 	nein 	Torspiel 	12 	Rasen 	Irland
Canadian Football 	nein 	Torspiel 	12 	Rasen 	Kanada
Canyoning 	nein 	Natursport 		Gelände, Wasser 	
Capoeira 	nein 	Kampfsport, Tanzsport 	1 		Angola,Brasilien
Carambolage 	nein 	Präzisionssport 	1 	Tisch 	
Casting 	nein 	Präzisionssport 	1 		
Cheerleading 	nein 	Turnsport, Tanzsport, Akrobatik 	2 und mehr 		Vereinigte Staaten
Chinlone 	nein 	Tanzsport, Geschicklichkeitssport 	7 		Myanmar
Combatschießen 	nein 	Schießsport 	1 	Gelände 	
Cricket 	ehemalig (1900) 	Schlagballspiel 	11 	Rasen 	England
Cricko 	nein 	Schlagballspiel 		Rasen 	Australien
Croquet 	ehemalig (1900) 	Präzisionssport 	1 	Rasen 	USA
Crossgolf 	nein 	Präzisionssport 	1 	Gelände, Stadtraum 	
CrossFit 	nein 	Präzisionssport 	alleine oder 2 und mehr 	Box 	
Cubbies 	nein 	Torspiel 	1-2 	Rasen 	Großbritannien, Skandinavien
Curling 	ja (seit 1924*) 	Präzisionssport 	4 	Eis 	Schottland, Kanada
Cyclocross 	nein 	Radsport 	1 	Gelände 	
Dame 	nein 	Denksport 			
Darts 	nein 	Präzisionssport 	1 		
DDC-Frisbee 	nein 	Rückschlagspiel 	2 		
Discdogging 	nein 	Tiersport 	1 		
Discgolf 	nein 	Präzisionssport 	1 	Außenanlage 	
Diskuswurf 	ja (seit 1896) 	Leichtathletik 	1 	Außenanlage 	
Distanzreiten 	nein 	Tiersport (Pferdesport) 	1 	Gelände 	
Dodgeball 	nein 	Fangspiel 	3 und mehr 	Hartbelag 	Vereinigte Staaten
Dogdancing 	nein 	Tiersport, Tanzsport 			Vereinigte Staaten
Dogging (Sport) 	nein 	Tiersport 	1 		
Downhill 	nein 	Radsport 	1 	Gelände 	
Drachenboot 	nein 	Bootssport 	10-50 	Wasser 	China
Drachensteigen 	nein 		1 und mehr 	Luft (vom Boden aus) 	
Drag Racing 	nein 	Motorsport 			
Dreisprung 	ja (seit 1896) 	Leichtathletik 	1 	Außenanlage 	
Dressurreiten 	ja (seit 1912) 	Tiersport (Pferdesport) 	1 	Anlage 	
Duathlon 	nein 	Mehrkampfsport 	1 	Straße 	
Eierlaufen 	nein 	Geschwindigkeitssport, Geschicklichkeitssport 	1 	Rasen 	
Einradbasketball 	nein 	Radsport, Torspiel 	5 	Hartbelag 	
Einradhockey 	nein 	Radsport, Torspiel 	5 	Hartbelag 	Deutschland
Eisfreestyle 	nein 	Skating 		Eis 	Frankreich
Eishockey unter Eis 	nein 	Torspiel 	2 	Wasser 	Österreich[1]
Eishockey 	ja (seit 1920) 	Torspiel 	6 	Eis 	Ontario, Russland
Eisklettern 	nein 	Bergsport 		vereister Wasserfall, Anlage 	
Eiskunstlauf 	ja (seit 1908) 	Tanzsport, Akrobatik 	1-2 	Eis 	Großbritannien
Eisschnelllauf 	ja (seit 1924) 	Geschwindigkeitssport 	1 	Eis 	
Eisspeedway 	nein 	Motorsport 	1 	Eis 	
Eisstockschiessen 	nein 	Präzisionssport 	4 	Eis/ Asphalt 	Skandinavien
Electric Boogie 	nein 	Tanzsport 	1 und mehr 		Kalifornien
Elefantenpolo 	nein 	Tiersport, Torspiel 	4 	Rasen 	
Elektrorollstuhl-Hockey 	nein 	Torspiel, Rollstuhlsport 	5 	Halle 	Niederlande
E-Sport 	nein 	Denksport 	1 oder mehr 	Computer/Konsole 	
Eurodance (Dancefloor) 	nein 	Tanzsport 	1 und mehr 		Europa
Extrembügeln 	nein 	Extremsport, Skurrilsport 			
Fahrsport 	nein 	Tiersport (Pferdesport) 			
Falknerei 	nein 	Jagdsport, Tierwettkampf 		Luft 	Asien
Skydiving (Fallschirmspringen) 	nein 	Springen 	1-2 	Luft 	
Faustball 	nein 	Rückschlagspiel 	5 	Rasen, Hartbelag 	Italien
Faustkampf (Pygme) 	antik 	Kampfsport 	1 		Griechenland, Antike
Fechten 	ja (seit 1896) 	Kampfsport 	1 	Fechtbahn 	
Federball 	nein 	Rückschlagspiel 	2 	Rasen,... 	
Federfußball 	nein 	Rückschlagspiel 	3 	Hartbelag 	Südostasien
Felderrennen 	nein 	Fangspiel 	5 	Rasen 	Deutschland
Feldhandball 	ehemalig (1936) 	Torspiel 	11 	Rasen 	Deutschland
Feldkorbball 	nein 	Torspiel 	7 	Rasen, Hartbelag 	Deutschland (nur noch in Bayern verbreitet)
Fingerboarding 	nein 	Geschicklichkeitssport, Skating 	1 	Tisch 	
Fingerhakeln 	nein 	Kraftsport 	1 	Tisch 	Bayern, Österreich
Fives 	nein 	Rückschlagspiel 	1-2 	Hartbelag 	England
Flag Football 	nein 	Torspiel 	5-9 	Rasen 	
Flamenco 	nein 	Tanzsport 	1 und mehr 		Andalusien
Floorball 	nein 	Torspiel 	5 	Hartbelag 	Skandinavien
Flossenschwimmen 	nein 	Geschwindigkeitssport 	1 	Wasser 	
Flugmodellsport 	nein 	Modellsport 		Luft (vom Boden aus) 	
Footbag (Hacky Sack) 	nein 	Akrobatik 	1 und mehr 		
Footvolley 	nein 	Rückschlagspiel 	2 	Beach 	
Formelsport 	nein 	Motorsport 	1 	Rennstrecke 	
Freestyle Frisbee 	nein 	Geschicklichkeitssport 	2-3 		
Freestyle-Skiing 	ja (seit 1992) 	Akrobatik 	1 	Schnee 	
Freiklettern 	nein 	Klettern, Natursport 	1 	Gelände, Halle 	
Friskee 	nein 	Torspiel 	3 und mehr 	Rasen 	
Fuchsjagd 	nein 	Jagdsport, Pferdesport 		Gelände 	
Fußball 	ja (seit 1900**) 	Torspiel 	11 	Rasen/Kunstrasen/Halle 	England
Fußballtennis 	nein 	Rückschlagspiel 	1-3 	Hartbelag 	
Futsal 	nein 	Torspiel 	5 	Hartbelag 	Brasilien
Gaelic Football 	nein 	Torspiel 	15 	Rasen 	Irland
Garde- und Schautanz 	nein 	Tanzsport 	2 und mehr 		Europa
Gateball 	nein 	Präzisionssport 	5 	Hartbelag 	Japan
Gedächtnissport 	nein 	Denksport 			
Gehen 	ja (seit 1932) 	Leichtathletik 	1 	Straße 	
Geocaching 	nein 	Natursport 		Gelände 	USA
Gerätturnen 	ja (seit 1896) 	Turnsport, Akrobatik 	1 		
Gewichtheben 	ja (seit 1896*) 	Kraftsport 	1 		
Gleitschirmfliegen 	nein 	Fliegen 	1-2 	Luft 	
Go 	nein 	Denksport 	2 		
Goalball 	nein 	Torspiel 		Halle 	
Golf 	ehemalig (seit 1900*) 	Präzisionssport 	1 	Außenanlage 	Schottland
Gorodki 	nein 	Präzisionssport 	1 oder mehr 		Russland
Grasski 	nein 	Geschwindigkeitssport 	1 	Gras 	
Gummistiefelweitwurf 	nein 	Werfen 	1 		Finnland
Guts 	nein 	Geschicklichkeitssport 	5 	Rasen 	
Gymnastik 	nein 	Turnsport 		Matte 	
Hahnenkampf 	nein 	Tierwettkampf 			
Hallenfußball 	nein 	Torspiel 		Hartbelag 	
Hallenhockey 	nein 	Torspiel 	6 	Hartbelag 	Mittel- und Osteuropa
Hallenkorbball 	nein 	Torspiel 	5 	Halle 	Deutschland
Hammerwurf 	ja (seit 1896) 	Leichtathletik 	1 	Außenanlage 	
Handball 	ja (seit 1936*) 	Torspiel 	7 	Hartbelag 	Deutschland, Schweden
Hindernislauf 	ja (seit 1896) 	Leichtathletik 	1 	Rennbahn 	
Hochsprung 	ja (seit 1896) 	Leichtathletik 	1 	Außenanlage 	
Hockey (Feldhockey) 	ja (seit 1908*) 	Torspiel 	11 	Kunstrasen, früher Rasen 	England
Hohe Schule 	nein 	Tiersport (Pferdesport) 			
Höhlenwandern 	nein 	Natursport 		Gelände 	
Hornussen 	nein 	Schlagballspiel 	16-20 	Wiese 	Schweiz
Horseball 	nein 	Tiersport (Pferdesport), Torspiel 	4 	Rasen 	
House-Running 	nein 	Seilsport 	1 	Stadt 	
Hunderennen 	nein 	Tierwettkampf 			
Hürdenlauf 	ja (seit 1896) 	Leichtathletik 	1 	Rennbahn 	
Hurling 	nein 	Torspiel 	15 	Rasen 	Irland
Indiaca 	nein 	Rückschlagspiel 	5 	Hartbelag 	Europa, Japan
Indoorcycling 	nein 	Radsport 		Halle 	
Inlinehockey 	nein 	Torspiel, Skating 	6 	Hartbelag 	
Inline-Skaterhockey 	nein 	Torspiel, Skating 	5 	Hartbelag 	Europa
Inlineskating 	nein 	Skating 	1 	Straße 	
Inline-Speedskating 	nein 	Skating, Geschwindigkeitssport 	1 und mehr 	Halle, Hartbelag, Straße 	
Intercrosse 	nein 	Torspiel 	5 	Hartbelag 	
International Rules Football 	nein 	Torspiel 		Rasen 	Australien, Irland
Irish Handball 	nein 	Rückschlagspiel 		Hartbelag 	Irland
Jahn-Wettkämpfe 	nein 	Mehrkampfsport 	1 		
Jai Alai 	nein 	Rückschlagspiel 	1 	Hartbelag 	Baskenland, Vereinigte Staaten
Jass 	nein 	Denksport 			
Jazz Dance 	nein 	Tanzsport 			Vereinigte Staaten
Jeu de palets 	nein 	Präzisionssport 	1 		
Jeu de Paume (Real Tennis) 	ehemalig (1908) 	Rückschlagspiel 	1-2 	Hartbelag 	
Jeu Provençal 	nein 	Präzisionssport, Kugelsport 	1-3 	Boulodrome 	
Jogo do pau 	nein 	Kampfsport 	1 		Portugal
Judo 	ja (seit 1964*) 	Kampfsport 	1 	Matte 	Japan
Jukskei 	nein 	Wurfsport 	4 	Sand, Rasen 	Südafrika, Namibia
Jugger 	nein 	Torspiel 	5 	Rasen 	Deutschland
Jiu-Jitsu 	nein 	Kampfsport 		Dōjō 	Japan
Ju-Jutsu 	nein 	Kampfsport 		Dōjō 	Deutschland
Kaatsen 	nein 	Rückschlagspiel 	3 		Belgien
Kabaddi 	nein 	Fangspiel 	12 	Rasen, Beach/Sand 	Indien, Südostasien
Kamelrennen 	nein 	Tiersport 	1 		Arabien, Australien
Kaninhop 	nein 	Tiersport 	1 		Schweden
Kanupolo 	nein 	Bootssport, Torspiel 	5 	Wasser 	
Kanurennsport 	ja (seit 1936) 	Bootssport 	1-8 	Wasser 	
Kanuslalom 	ja (seit 1972*) 	Bootssport 	1-2 	Wasser 	
Karate 	nein 	Kampfsport 		Dōjō 	Japan
Kartsport 	nein 	Motorsport 	1 	Rennstrecke 	
Kegelbillard 	nein 	Präzisionssport 	1 	Tisch 	
Kegeln 	nein 	Präzisionssport, Kegelsport 	6 	Anlage 	Deutschland, Amerika
Kendo 	nein 	Kampfsport 	1 		Japan
Kickball 	nein 	Schlagballspiel 		Rasen 	Vereinigte Staaten
Kickboxen 	nein 	Kampfsport 	1 	Matten, Boxring 	Vereinigte Staaten
Kiiking 	nein 	Kraftsport 	1 und mehr 	Anlage 	Estland
Kin-Ball 	nein 	Schlagballspiel 	4 	Hartbelag 	Kanada
Kitesurfen 	nein 	Drachensport, Brettsport 	1 	Wasser 	
Kitelandboarding 	nein 	Drachensport, Brettsport 	1 	Land 	
Klettern 	nein 	Bergsport 		Gelände, Anlage 	
Klippenspringen 	nein 	Springen 	1 	Wasser 	
Klootschießen 	nein 	Kugelsport 	1 und mehr 		Niedersachsen
Klotstockspringen 	nein 	Natursport 	1 	Gelände 	
Kniebeugen 	nein 	Kraftsport 	1 		
Korbball 	nein 	Torspiel 	5-7 	Halle, Rasen, Hartbelag 	Deutschland
Korbball (Schweiz) 	nein 	Torspiel 	5-6 	Halle, Rasen 	Schweiz
Korfball 	nein 	Torspiel 	8 	Hartbelag 	
Kraftdreikampf 	nein 	Mehrkampfsport, Kraftsport 	1 		
Kreuzheben 	nein 	Kraftsport 	1 		
Kubb 	nein 	Präzisionsspiel 	2 und mehr 	Rasen 	Skandinavien
Kugelstoßen 	ja (seit 1896) 	Leichtathletik 	1 	Außenanlage 	
Kung Fu 	nein 	Kampfsport 	1 		China
Kunst- und Turmspringen 	ja (seit 1904) 	Akrobatik 	1 	Wasser 	
Kunstflug (Flugakrobatik) 	nein 	Fliegen 	1 	Luft 	
Kunstradfahren 	nein 	Radsport 	1-6 	Hartbelag 	Europa
Kürbisweitwurf 	nein 	Werfen 	1 		
Kutterpullen 	nein 	Bootssport 	11-15 	Wasser 	Deutschland
Kyūdō 	nein 	Präzisionssport, Schießsport 			Japan
Lacrosse 	ehemalig (von 1904 bis 1908) 	Torspiel 	10 	Rasen 	Kanada, Vereinigte Staaten (indianisch)
Langbold 	nein 	Schlagballspiel 		Rasen 	Dänemark
Langstreckenlauf 	ja (seit 1896) 	Leichtathletik 	1 	Straße, Rennbahn 	
Lapta (Spiel) 	nein 	Schlagballspiel 		Rasen 	Russland
Lasergame 	nein 	Fangspiel, Schießsport 	2 und mehr 	Gelände 	
Lateinamerikanische Tänze 	nein 	Tanzsport 	2 	Parkett 	
Leichtathletik 	ja (seit 1896) 	Leichtathletik 	1-4 	Außenanlage 	
Line Dance 	nein 	Tanzsport 			Vereinigte Staaten
Loheland-Gymnastik 	nein 	Turnsport 	1 		
Longaméta 	nein 	Schlagballspiel 		Rasen 	Ungarn
Luftkissen-Schlitteln 	nein 	Schlittensport 	1 	Schnee 	Europa
Luta Livre 	nein 	Kampfsport 	1 	Matte 	Brasilien
Maculelê 	nein 	Kampfsport, Tanzsport 	1 		Brasilien
Merkball 	nein 	Fangspiel 	1 		
Mesoamerikanisches Ballspiel 	nein 	Torspiel 			Lateinamerika (indianisch)
Minigolf 	nein 	Präzisionssport 	1 	Anlage 	Schweiz
Mittelstreckenlauf 	ja (seit 1896) 	Leichtathletik 	1 	Rennbahn 	
Mixed-Klettern 	nein 	Bergsport 		Gelände 	
Moderne Schwertkunst 	nein 	Kampfsport 	1 		Europa
Moderner Fünfkampf 	ja (seit 1912) 	Mehrkampfsport 	1 	Außenanlage 	
Mölkky 	nein 	Geschicklichkeitssport 	1 und mehr 	Rasen / Sand 	Finnland
Monoski 	nein 	Brettsport 	1 	Schnee 	
Motoball 	nein 	Motorsport, Torspiel 	5 	Hartbelag 	Deutschland, Frankreich, Niederlande, Russland, Ukraine, Weißrussland
Motorbootsport 	ehemalig (1908) 	Motorsport 		Wasser 	
Motorradsport 	nein 	Motorsport 	1-2 	Rennstrecke 	
Mountainbike 	ja (seit 1996) 	Radsport 	1 	Gelände 	
Mountainbike-Orienteering 	nein 	Radsport 	1 	Gelände 	
Muay Thai 	nein 	Kampfsport 			Thailand
Mühle 	nein 	Denksport 	2 		
Naginata 	nein 	Kampfsport 	1-5 	Halle 	Japan
Naturbahnrodeln 	nein 	Schlittensport 	1-2 	Eis 	
Netball 	nein 	Torspiel 	7 	Hartplatz 	Australien, Neuseeland, Südafrika
Nippers 	nein 	Geschwindigkeitssport 	1 	Wasser 	Australien
Nordic Walking 	nein 	Natursport 	1 	Gelände 	
Nordische Kombination 	ja (seit 1924) 	Mehrkampfsport 	1 	Schnee 	Skandinavien
Novuss 	nein 	Präzisionssport 	1-2 	Tisch 	Lettland
Oina 	nein 	Schlagballspiel 	11 	Rasen 	Rumänien
Öl-Ringkampf 	nein 	Kampfsport 	1 		Türkei
Orientalischer Tanz 	nein 	Tanzsport 	1 und mehr 		Ägypten
Orientierungslauf 	nein 	Geschwindigkeitssport 	1-3 	Gelände 	
Orientierungstauchen 	nein 	Tauchsport 	1 	Wasser 	
Paintball 	nein 	Fangspiel 	2 und mehr 	Gelände 	Vereinigte Staaten
Pall Mall 	nein 	Präzisionssport 	1 		Europa
Palla eh! 	nein 	Rückschlagspiel 	3-5 	Straße 	Toskana
Pankration 	antik 	Kampfsport 	1 	Stadion 	Griechenland
Parkour 	nein 	Springen, Körperkontrolle 	1 	Stadt, Gelände 	Frankreich
Pato 	nein 	Torspiel 		Rasen 	Argentinien
Pelota 	ehemalig (1900) 	Rückschlagspiel 	1-7 	Hartbelag 	Baskenland, Mittelamerika (indianisch)
Penspinning 	nein 	Geschicklichkeitssport 	1 		Asien
Pentathlon 	antik 	Mehrkampfsport 	1 		Antike
Pesäpallo 	nein 	Schlagballspiel 	9 	Rasen 	Finnland
Pétanque 	nein 	Präzisionssport, Kugelsport 	1-3, oder mehrere Formationen 	Boulodrome 	
Pferderennen 	nein 	Tiersport (Pferdesport) 	1 		
Pilates 	nein 	Kraftsport 	1 		
Platzgen 	nein 	Präzisionssport 	1 		Schweiz
Plinking 	nein 	Schießsport 	1 		
Poker 	nein 	Denksport 	1 		
Polo 	ehemalig (von 1900 bis 1936*) 	Tiersport (Pferdesport), Torspiel 	4 	Rasen 	
Polocrosse 	nein 	Tiersport (Pferdesport), Torspiel 	3 	Rasen 	Australien
Pontoniersport 	nein 	Bootssport 	2-4 	Wasser 	Schweiz
Poolbillard 	nein 	Präzisionssport 	1 und mehr 	Tisch 	
Prellball 	nein 	Rückschlagspiel 	3-4 	Hartbelag 	Deutschland
Pultstockspringen/Klotstockspringen 	nein 	Natursport 	1 	Gelände 	Niederlande/Niedersachsen/Schleswig-Holstein
Quidditch 	nein 	Torspiel 	6/7 	Rasen 	Vereinigte Staaten
Racketlon 	nein 	Rückschlagspiel, Mehrkampfsport 	1-2 	Hartbelag 	Skandinavien
Rackets 	ehemalig (1908) 	Rückschlagspiel 	1-2 	Hartbelag 	England
Racquetball 	nein 	Rückschlagspiel 	1-3 	Hartbelag 	Vereinigte Staaten
Radball 	nein 	Radsport, Torspiel 	2-5 	Hartbelag 	
Radpolo 	nein 	Radsport, Torspiel 	2 	Hartbelag 	
Radsport 	ja (seit 1896) 	Radsport 	1 		
Rafting 	nein 	Bootssport, Natursport 	4-12 	Wasser 	
Raketenmodellsport 	nein 	Modellsport 		Luft (vom Boden aus) 	Osteuropa
Rallye 	nein 	Motorsport 	2 	Straßen/Wege 	
Rasenkraftsport 	nein 	Mehrkampfsport, Kraftsport 	1 		
Rasenmähertreckerrennen 	nein 	Motorsport 	meist 1 	Wiese, Acker 	Europa, Vereinigte Staaten
Red Bull Air Race Series 	nein 	Luftsport 	1 	Luft 	
Reifenrodeln 	nein 	Schlittensport 	1 und mehr 	Schnee 	
Reiten 	ja (seit 1900*) 	Tiersport (Pferdesport) 	1 	Anlage 	
Rennrodeln 	ja (seit 1964) 	Schlittensport 	1-2 	Eis 	
Rettungssport 	nein 	Geschwindigkeitssport 	1 	Wasser 	
Rhönradturnen 	nein 	Turnsport 	1-2 	Hartbelag 	Deutschland
Rhythmische Sportgymnastik 	ja (seit 1984) 	Turnsport, Tanzsport 	1 		Russland
Ricochet 	nein 	Rückschlagspiel 	1 	Hartbelag 	
Ringen 	ja (von 1896*) 	Kampfsport, Kraftsport 	1 	Matte 	Antike, Griechenland
Ringette 	nein 	Torspiel 	6 	Eis 	Kanada
Ringreiten 	nein 	Tiersport (Pferdesport), Präzisionssport 	1 		Dänemark, Norddeutschland
Ringtennis 	nein 	Rückschlagspiel 	1-2 	Hartbelag 	
Rinkball 	nein 	Torspiel 		Eis 	
Roboterfußball 	nein 	Maschinensport 	0 		
Rock ’n’ Roll (Tanz) 	nein 	Tanzsport 	2 		Vereinigte Staaten
Rodeo 	nein 	Jagdsport, Tiersport 		Gelände 	Brasilien, Vereinigte Staaten
Rollhockey 	ehemalig (1992) 	Torspiel 	5 	Hartbelag 	Südeuropa
Rollkunstlauf 	nein 	Tanzsport, Akrobatik 	1 		
Rollstuhlbasketball 	nein 	Torspiel, Rollstuhlsport 	5 	Hartbelag 	
Rollstuhlrugby 	nein 	Torspiel, Rollstuhlsport 		Hartbelag 	
Rollstuhltanz 	nein 	Tanzsport 	2 und mehr 	Halle 	Schweden
Roque 	ehemalig (1904) 	Präzisionssport 	1 	Hartbelag 	
Round Dance 	nein 	Tanzsport 	2 und mehr 		Vereinigte Staaten
Rounders 	nein 	Schlagballspiel 		Rasen 	Großbritannien
Rudern 	ja (seit 1900) 	Bootssport 	1-9 	Wasser 	
Rugby League 	nein 	Torspiel 	13 	Rasen 	England
Rugby Union 	ehemalig (von 1900 bis 1924*) 	Torspiel 	15 	Rasen 	England
Rundbold 	nein 	Schlagballspiel 		Rasen 	Dänemark
Russisches Kegeln 	nein 	Präzisionssport, Kegelsport 	1 		
Savate 	nein 	Kampfsport 		Ring 	Frankreich
Segwaypolo 	nein 	Torspiel 	5 	Rasen 	Vereinigte Staaten
Sandbahnrennen 	nein 	Motorsport 	1 	Sand 	
Sandboarding 	nein 	Brettsport 	1 	Sand (Gelände) 	
Schach 	nein 	Denksport 	8, 4(Mannschaft) oder 2(Tandem) 	Gebäude, Halle, selten auch im Freien (Freischach) 	
Schachboxen 	nein 	Mehrkampfsport 	1 		
Schlagball 	nein 	Schlagballspiel 	12 	Rasen 	
Schleuderball 	nein 	Torspiel 	8 	Rasen 	Deutschland
Schnorcheln 	nein 	Tauchsport 		Wasser 	
Schwierigkeitsklettern 	nein 	Klettern 		Halle, Gelände 	
Schwimmen 	ja (seit 1896) 	Geschwindigkeitssport 	1 	Wasser 	
Schwingen 	nein 	Kampfsport 	2 	Sägemehl 	Schweiz
Scoutball 	nein 	Torspiel 	5 und mehr 	Rasen 	
Scrabble 	nein 	Denksport 	2-4 		
Seesport 	nein 	Mehrkampfsport 	1 	Wasser 	
Segelfliegen 	nein 	Fliegen 	1 und mehr 	Luft 	
Segeln 	ja (seit 1900*) 	Bootssport 		Wasser 	
Seilklettern 	ehemalig (bis 1932*) 	Klettern 	1 	Halle 	Tschechien
Seilspringen 	nein 	Turnsport 	1 		
Sepak Takraw 	nein 	Rückschlagspiel, Akrobatik 			Südostasien
Shaolin Kempo 	nein 	Kampfsport 		Matte 	Niederlande
Shinty 	nein 	Torspiel 	12 	Rasen 	Schottland
Shōgi 	nein 	Denksport 	1 	Tisch 	Japan
Shorttrack 	ja (seit 1992) 	Geschwindigkeitssport 	1 	Eis 	
Shuffleboard 	nein 	Präzisionssport 	1 		
Sitzball 	nein 	Rückschlagspiel 	5 	Hartbelag 	
Sitzfußball 	nein 	Torspiel 		Hartbelag 	
Sitzvolleyball 	nein 	Rückschlagspiel 		Hartbelag 	
Skat 	nein 	Denksport 	3 und mehr 	Tisch 	Deutschland
Skateboarding 	nein 	Brettsport, Akrobatik 	1 	Stadt 	Vereinigte Staaten
Skeleton 	ja (seit 1928*) 	Schlittensport 	1 	Eis 	
Ski Alpin (Abfahrtslauf, Super-G, Slalom & Riesenslalom) 	ja (seit 1936) 	Geschwindigkeitssport 	1 	Schnee 	
Ski Nordisch 	ja (seit 1924) 		1 	Schnee 	Skandinavien
Skibergsteigen 	nein 	Brettsport, Natursport 	1 und mehr 	Schnee 	Schweiz, Österreich, Deutschland
Skijöring 	nein 	Schlittensport 		Schnee 	Skandinavien
Skilanglauf 	ja (seit 1924) 	Geschwindigkeitssport 	1 	Schnee 	Skandinavien
Skimboarden 	nein 	Brettsport 	1 	Wasser 	
Skispringen 	ja (seit 1924) 	Springen 	1 	Schnee 	Skandinavien
Skwal 	nein 	Brettsport 	1 	Schnee 	
Slackline 	nein 	Akrobatik 	1 		
Slamball 	nein 	Torspiel 	4 	Hartbelag 	Vereinigte Staaten
Sledge-Eishockey 	nein 	Torspiel 		Eis 	Schweden
Smashball 	nein 	Rückschlagspiel 		Hartbelag 	
Smolball 	nein 	Torspiel 	4 		Polen, Schweiz
Snooker 	nein 	Präzisionssport 	2 	Tisch 	Vereinigtes Königreich
Snowboard 	ja (seit 1998) 	Brettsport 	1 	Schnee 	Vereinigte Staaten
Snowkiting 	nein 	Drachensport, Brettsport 	1 	Schnee 	
Soccergolf 	nein 	Präzisionssport 	1 	Rasen 	
Softball 	ehemalig (von 1996 bis 2008) 	Schlagballspiel 	9 	Rasen 	Vereinigte Staaten
Speckbrett 	nein 	Rückschlagspiel 	1-2 	Sand 	Münsterland
Speed Flying 	nein 	Fliegen 	1 	Schnee, Luft 	
Speed Badminton 	nein 	Rückschlagspiel 	1 	Hartbelag 	
Speedklettern 	nein 	Klettern 	1 	Halle, Gelände 	
Speerwurf 	ja (seit 1896) 	Leichtathletik 	1 	Außenanlage 	
Sport Stacking 	nein 	Geschicklichkeitssport 	1-4 	Tisch 	Vereinigte Staaten
Sportklettern 	nein 	Klettern, Natursport 	1 	Anlage, Gelände 	
Schießen 	ja (seit 1896*) 	Präzisionssport, Schießsport 	3 bzw. 5 	Anlage 	
Sportwagenrennen 	nein 	Motorsport 	1-3 	Rennstrecke 	
Springreiten 	ja (seit 1900*) 	Tiersport (Pferdesport) 	1 	Anlage 	
Sprint 	ja (seit 1896) 	Leichtathletik 	1 	Rennbahn 	
Square Dance 	nein 	Tanzsport 	8 und mehr 		Vereinigte Staaten
Squash 	nein 	Rückschlagspiel 	1-2 	Hartbelag 	England
Stabhochsprung 	ja (seit 1896) 	Leichtathletik 	1 	Außenanlage 	
Stadionlauf 	nein 	Geschwindigkeitssport 	1 		Antike
Staffellauf 	ja (seit 1912) 	Leichtathletik 	4 	Rennbahn 	
Standardtanz 	nein 	Tanzsport 	2 	Parkett 	
Stehpaddeln 	nein 	Bootssport, Brettsport 	1 	Wasser 	Hawaii
Steinstoßen 	nein 	Kraftsport, Werfen 	1 	Rasen 	
Steinwerfen 	nein 	Werfen 	1 		
Stepptanz 	nein 	Tanzsport 	1 und mehr 		Vereinigte Staaten
Stierkampf 	nein 	Kampfsport, Jagdsport 			Spanien
Stockball 	nein 	Torspiel 	20 und mehr 		Amerika (indianisch)
Stockschießen 	nein 	Präzisionssport 	1-4 	Eis 	
Stoolball 	nein 	Schlagballspiel 	11 	Rasen 	Südengland
Strandsegeln 	nein 				
Straßenfußball 	nein 	Torspiel 	2 und mehr 	Hartbelag 	
Straßenrennen 	ja (seit 1896*) 	Radsport 	1 	Straße 	
Streetball 	nein 	Torspiel 	3 	Hartbelag 	
Streethockey 	nein 	Torspiel 	4-6 	Hartbelag 	
Subbuteo 	nein 	Präzisionsspiel, Torspiel 	1 (4) 	Tisch 	England
Sudoku 	nein 	Denksport 			
Surf Ski 	nein 	Bootssport 	1 	Wasser 	
Swingolf 	nein 	Präzisionssport 	1 	Außenanlage 	Frankreich
Sumō 	nein 	Kampfsport 	1 	Ring 	Japan
Synchroneiskunstlauf 	nein 	Tanzsport, Akrobatik 	12-20 	Eis 	Nordamerika, Skandinavien
Synchronschwimmen 	ja (seit 1984) 	Turnsport, Tanzsport 	1-8 	Wasser 	
Tae Bo 	nein 	Turnsport 			
Taekwondo 	ja (seit 2000) 	Kampfsport 	1 	Matte 	Korea
Tag Rugby 	nein 	Torspiel 	7 	Rasen 	
Taiji Bailong Ball 	nein 	Turnsport 	1 und mehr 		China
Tamburello 	nein 	Rückschlagspiel 	5 	Hartbelag 	Italien
Tanzsport (Turniertanz) 	nein 	Tanzsport 	2 	Halle 	
Taubenschießen 	nein 	Jagdsport, Schießsport 			Europa
Tauchen 	nein 	Tauchsport, Natursport 		Wasser 	
Tauziehen 	ehemalig (von 1900 bis 1920) 	Kraftsport 	6-8 	Rasen, seltener Halle 	
Tchoukball 	nein 	Torspiel 	2-12 	Halle 	Schweiz, Taiwan
TeamGym 	nein 	Turnsportart 	6-12 	Halle 	Skandinavien
Tennis 	ja (seit 1896*) 	Rückschlagspiel 	1-2 	Hartbelag, Rasen, Kunstrasen, Sand, Teppich, Teppich mit Granulat 	England
Tipp-Kick 	nein 	Präzisionsspiel, Torspiel 	1 	Tisch 	
Tischeishockey 	nein 	Torspiel 	1 	Tisch 	
Tischfußball 	nein 	Torspiel 	1-2 	Tisch 	
Tischtennis 	ja (seit 1988) 	Rückschlagspiel 	1-2 	Tisch 	England
Toboggan 	nein 	Schlittensport 		Schnee 	Amerika (indianisch)
Torball 	nein 	Torspiel 	3 	Hartbelag 	
Touch (Sport) 	nein 	Torspiel 	6 	Rasen 	Australien
Tourenwagen 	nein 	Motorsport 	1-4 	Rennstrecke 	
Tractor Pulling 	nein 	Motorsport 			
Trampolinturnen 	ja (seit 2000) 	Turnsport, Akrobatik 	1 		
Trekking 	nein 	Natursport 		Gelände 	
Tretrollersport 	nein 	Ausdauersport 	1 und mehr 	Straße 	Niederlande, Finnland, Tschechien
Tretze 	nein 	Geschicklichkeitssport 	3 und mehr 		
Trials 	nein 	Radsport 	1 	Gelände 	
Triathlon 	ja (seit 2000) 	Mehrkampfsport 	1 	Straße, Wasser 	
Truck-Grand-Prix 	nein 	Motorsport 	1 	Rennstrecke 	
Tumbling 	nein 	Turnsport, Akrobatik 	1 	Halle 	
Twirling 	nein 	Tanzsport 			Vereinigte Staaten
Ulama (Ballspiel) 	nein 	Torspiel 			Amerika (indianisch)
Ultimate 	nein 	Torspiel 	7 	Rasen 	
Unihockey 	nein 	Torspiel 	4-6 	Hartbelag 	Skandinavien, Schweiz
Unterwasserhockey 	nein 	Torspiel 	6 	Wasser 	
Unterwasserrugby 	nein 	Torspiel 	6 	Wasser 	Deutschland
Urban Exploration 	nein 	Geländesport 	mind. 2 	urbanes Gelände 	
Urban Freeride 	nein 	Radsport 	1 	Straße 	
Vielseitigkeitsprüfung (Angeln) 	nein 	Präzisionssport 	3 	Anlage + Wasser 	
Vielseitigkeitsreiten (Military) 	ja (seit 1912) 	Tiersport (Pferdesport) 	1 	Anlage 	
Vierkampf 		Tiersport (Pferdesport) 	4 	Anlage + Wasser 	
Vigoro 	nein 	Schlagballspiel 		Rasen 	Australien
Völkerball 	nein 	Fangspiel 	3 und mehr 	Hartbelag 	Europa
Volkstanz 	nein 	Tanzsport 			
Volleyball 	ja (seit 1964) 	Rückschlagspiel 	6 	Hartbelag 	Massachusetts
Volleyclub 	nein 	Rückschlagspiel, Akrobatik 	2-3 		
Voltigieren 	ehemalig (1920) 	Tiersport (Pferdesport), Turnsport 	1, 2, 6 oder 8 	Halle, (Außenanlage) 	Europa
Waffenlauf 	nein 	Laufsport 	1 	Straße 	Schweiz
Wagenrennen 	nein 	Tiersport (Pferdesport) 	1 		Antike
Wakeboarding 	nein 	Brettsport 	1 	Wasser 	
Wandern 	nein 	Natursport 		Gelände 	
Wanderreiten 	nein 	Tiersport (Pferdesport), Natursport 		Gelände 	
Wasserball 	ja (seit 1900*) 	Torspiel 	7 	Wasser 	England
Wasserfahren 	nein 	Bootssport 	1-2 	Wasser 	Schweiz
Wasserski 	nein 	Brettsport 	1 	Wasser 	
Weitsprung 	ja (seit 1896) 	Leichtathletik 	1 	Außenanlage 	
Wellenreiten 	nein 	Brettsport, Natursport 	1 	Wasser 	Hawaii
Westernreiten 	nein 	Tiersport (Pferdesport), Natursport 		Gelände 	
Windsurfen 	ja (seit 1984) 	Brettsport, Natursport 	1 	Wasser 	Vereinigte Staaten
Wing Tsun 	nein 	Kampfsport 	1 		China
Wokfahren 	nein 	Schlittensport 	1-4 	Eis 	Deutschland
Wurfscheibenschießen 	ja 	Schießsport 	1 	Gelände 	
Jo-Jo 	nein 	Geschicklichkeitssport 	1 		
Yoga 	nein 	Geschicklichkeitssport 	1 		
Zehnkampf, Siebenkampf 	ja (seit 1896) 	Leichtathletik, Mehrkampfsport 	1 	Außenanlage 	
Zwergenwerfen 	nein 	Werfen 	2 		Australien, Vereinigte Staaten
